{
	"format_version": "1.12.0",
	"minecraft:geometry": [
		{
			"description": {
				"identifier": "geometry.b",
				"texture_width": 16,
				"texture_height": 16,
				"visible_bounds_width": 2,
				"visible_bounds_height": 1.5,
				"visible_bounds_offset": [0, 0.25, 0]
			},
			"bones": [
				{
					"name": "left_w",
					"pivot": [0, 0, 0],
					"cubes": [
						{"origin": [0, -4, 0], "size": [0, 8, 8], "pivot": [0, 0, 0], "rotation": [90, 0, 45], "uv": [0, -8]}
					]
				},
				{
					"name": "right_w",
					"pivot": [0, 0, 0],
					"cubes": [
						{"origin": [0, -4, 0], "size": [0, 8, 8], "pivot": [0, 0, 0], "rotation": [90, 0, -45], "uv": [0, -8]}
					]
				}
			]
		}
	]
}