{
  "multipart": [
    {
      "when": {
        "up": "false",
        "west": "false",
        "east": "false",
        "south": "false",
        "north": "false"
      },
      "apply": [
        {
          "model": "liroth:block/black_fire_floor0"
        },
        {
          "model": "liroth:block/black_fire_floor1"
        }
      ]
    },
    {
      "when": {
        "OR": [
          {
            "north": "true"
          },
          {
            "up": "false",
            "west": "false",
            "east": "false",
            "south": "false",
            "north": "false"
          }
        ]
      },
      "apply": [
        {
          "model": "liroth:block/black_fire_side0"
        },
        {
          "model": "liroth:block/black_fire_side1"
        },
        {
          "model": "liroth:block/black_fire_side_alt0"
        },
        {
          "model": "liroth:block/black_fire_side_alt1"
        }
      ]
    },
    {
      "when": {
        "OR": [
          {
            "east": "true"
          },
          {
            "up": "false",
            "west": "false",
            "east": "false",
            "south": "false",
            "north": "false"
          }
        ]
      },
      "apply": [
        {
          "model": "liroth:block/black_fire_side0",
          "y": 90
        },
        {
          "model": "liroth:block/black_fire_side1",
          "y": 90
        },
        {
          "model": "liroth:block/black_fire_side_alt0",
          "y": 90
        },
        {
          "model": "liroth:block/black_fire_side_alt1",
          "y": 90
        }
      ]
    },
    {
      "when": {
        "OR": [
          {
            "south": "true"
          },
          {
            "up": "false",
            "west": "false",
            "east": "false",
            "south": "false",
            "north": "false"
          }
        ]
      },
      "apply": [
        {
          "model": "liroth:block/black_fire_side0",
          "y": 180
        },
        {
          "model": "liroth:block/black_fire_side1",
          "y": 180
        },
        {
          "model": "liroth:block/black_fire_side_alt0",
          "y": 180
        },
        {
          "model": "liroth:block/black_fire_side_alt1",
          "y": 180
        }
      ]
    },
    {
      "when": {
        "OR": [
          {
            "west": "true"
          },
          {
            "up": "false",
            "west": "false",
            "east": "false",
            "south": "false",
            "north": "false"
          }
        ]
      },
      "apply": [
        {
          "model": "liroth:block/black_fire_side0",
          "y": 270
        },
        {
          "model": "liroth:block/black_fire_side1",
          "y": 270
        },
        {
          "model": "liroth:block/black_fire_side_alt0",
          "y": 270
        },
        {
          "model": "liroth:block/black_fire_side_alt1",
          "y": 270
        }
      ]
    },
    {
      "when": {
        "up": "true"
      },
      "apply": [
        {
          "model": "liroth:block/black_fire_up0"
        },
        {
          "model": "liroth:block/black_fire_up1"
        },
        {
          "model": "liroth:block/black_fire_up_alt0"
        },
        {
          "model": "liroth:block/black_fire_up_alt1"
        }
      ]
    }
  ]
}