{
  "multipart": [
    {
      "apply": {
        "model": "liroth:block/forcefield_post"
      }
    },
    {
      "when": {
        "north": true
      },
      "apply": {
        "model": "liroth:block/forcefield_side"
      }
    },
    {
      "when": {
        "east": true
      },
      "apply": {
        "model": "liroth:block/forcefield_side",
        "y": 90
      }
    },
    {
      "when": {
        "south": true
      },
      "apply": {
        "model": "liroth:block/forcefield_side_alt"
      }
    },
    {
      "when": {
        "west": true
      },
      "apply": {
        "model": "liroth:block/forcefield_side_alt",
        "y": 90
      }
    },
    {
      "when": {
        "north": false
      },
      "apply": {
        "model": "liroth:block/forcefield_noside"
      }
    },
    {
      "when": {
        "east": false
      },
      "apply": {
        "model": "liroth:block/forcefield_noside_alt"
      }
    },
    {
      "when": {
        "south": false
      },
      "apply": {
        "model": "liroth:block/forcefield_noside_alt",
        "y": 90
      }
    },
    {
      "when": {
        "west": false
      },
      "apply": {
        "model": "liroth:block/forcefield_noside",
        "y": 270
      }
    }
  ]
}