{
  "variants": {
    "facing=east,lit=false": {
      "model": "liroth:block/liroth_splitter_off",
      "y": 90
    },
    "facing=east,lit=true": {
      "model": "liroth:block/liroth_splitter_on",
      "y": 90
    },
    "facing=north,lit=false": {
      "model": "liroth:block/liroth_splitter_off"
    },
    "facing=north,lit=true": {
      "model": "liroth:block/liroth_splitter_on"
    },
    "facing=south,lit=false": {
      "model": "liroth:block/liroth_splitter_off",
      "y": 180
    },
    "facing=south,lit=true": {
      "model": "liroth:block/liroth_splitter_on",
      "y": 180
    },
    "facing=west,lit=false": {
      "model": "liroth:block/liroth_splitter_off",
      "y": 270
    },
    "facing=west,lit=true": {
      "model": "liroth:block/liroth_splitter_on",
      "y": 270
    }
  }
}