{
  "variants": {
    "facing=east,lit=false": {
      "model": "liroth:block/quantum_extractor_off",
      "y": 270
    },
    "facing=east,lit=true": {
      "model": "liroth:block/quantum_extractor_on",
      "y": 270
    },
    "facing=north,lit=false": {
      "model": "liroth:block/quantum_extractor_off",
	  "y": 180
    },
    "facing=north,lit=true": {
      "model": "liroth:block/quantum_extractor_on",
	  "y": 180
    },
    "facing=south,lit=false": {
      "model": "liroth:block/quantum_extractor_off"
    },
    "facing=south,lit=true": {
      "model": "liroth:block/quantum_extractor_on"
    },
    "facing=west,lit=false": {
      "model": "liroth:block/quantum_extractor_off",
      "y": 90
    },
    "facing=west,lit=true": {
      "model": "liroth:block/quantum_extractor_on",
      "y": 90
    }
  }
}