{
  "variants": {
    "moisture=0": {
      "model": "liroth:block/spinerios_farmland"
    },
    "moisture=1": {
      "model": "liroth:block/spinerios_farmland"
    },
    "moisture=2": {
      "model": "liroth:block/spinerios_farmland"
    },
    "moisture=3": {
      "model": "liroth:block/spinerios_farmland"
    },
    "moisture=4": {
      "model": "liroth:block/spinerios_farmland"
    },
    "moisture=5": {
      "model": "liroth:block/spinerios_farmland"
    },
    "moisture=6": {
      "model": "liroth:block/spinerios_farmland"
    },
    "moisture=7": {
      "model": "liroth:block/spinerios_farmland_moist"
    }
  }
}