{
	"credit": "Made with Blockbench",
	"parent": "liroth:blocks/dead_sea_eye",
	"textures": {
		"0": "liroth:blocks/eye_side",
		"1": "liroth:blocks/eye_top",
		"particle": "liroth:blocks/eye_side"
	},
	"elements": [
		{
			"from": [6, 0, 6],
			"to": [10, 4, 10],
			"faces": {
				"north": {"uv": [0, 0, 16, 16], "texture": "#0"},
				"east": {"uv": [0, 0, 16, 16], "texture": "#0"},
				"south": {"uv": [0, 0, 16, 16], "texture": "#0"},
				"west": {"uv": [0, 0, 16, 16], "texture": "#0"},
				"up": {"uv": [0, 0, 16, 16], "texture": "#1"},
				"down": {"uv": [0, 0, 16, 16], "texture": "#0"}
			}
		}
	]
}