{
	"format_version": "1.8.0",
	"animations": {
		"animation.butter.fly": {
			"loop": true,
			"animation_length": 0.48,
			"bones": {
				"left_w": {
					"rotation": {
						"0.0": {
							"vector": [0, 0, 0]
						},
						"0.04": {
							"vector": [0, 0, 5]
						},
						"0.08": {
							"vector": [0, 0, 10]
						},
						"0.12": {
							"vector": [0, 0, 15]
						},
						"0.16": {
							"vector": [0, 0, 20]
						},
						"0.2": {
							"vector": [0, 0, 25]
						},
						"0.24": {
							"vector": [0, 0, 30]
						},
						"0.28": {
							"vector": [0, 0, 25]
						},
						"0.32": {
							"vector": [0, 0, 20]
						},
						"0.36": {
							"vector": [0, 0, 15]
						},
						"0.4": {
							"vector": [0, 0, 10]
						},
						"0.44": {
							"vector": [0, 0, 5]
						},
						"0.48": {
							"vector": [0, 0, 0]
						}
					}
				},
				"right_w": {
					"rotation": {
						"0.0": {
							"vector": [0, 0, 0]
						},
						"0.04": {
							"vector": [0, 0, -5]
						},
						"0.08": {
							"vector": [0, 0, -10]
						},
						"0.12": {
							"vector": [0, 0, -15]
						},
						"0.16": {
							"vector": [0, 0, -20]
						},
						"0.2": {
							"vector": [0, 0, -25]
						},
						"0.24": {
							"vector": [0, 0, -30]
						},
						"0.28": {
							"vector": [0, 0, -25]
						},
						"0.32": {
							"vector": [0, 0, -20]
						},
						"0.36": {
							"vector": [0, 0, -15]
						},
						"0.4": {
							"vector": [0, 0, -10]
						},
						"0.44": {
							"vector": [0, 0, -5]
						},
						"0.48": {
							"vector": [0, 0, 0]
						}
					}
				}
			}
		}
	},
	"geckolib_format_version": 2
}